{
    "niter": 9350,
    "logz": 90.23505095504996,
    "logzerr": 0.24002863689489004,
    "logz_bs": 90.2348527277144,
    "logz_single": 90.23505095504996,
    "logzerr_tail": 0.009947567368911336,
    "logzerr_bs": 0.23982241853725839,
    "ess": 2704.5179388312667,
    "H": 14.79168329930691,
    "Herr": 0.12072215836495685,
    "posterior": {
        "mean": [
            119.63939266171815,
            5.039620204652378,
            100.61478093104554,
            4.499523339279569,
            129.8454983358893,
            5.050569673366237
        ],
        "stdev": [
            4.988474816838463,
            0.10422657093484096,
            8.399955775364617,
            0.12640924923403116,
            5.2301884112351456,
            0.13482449836968194
        ],
        "median": [
            119.72720178673295,
            5.025170740351662,
            100.25353948563955,
            4.499836962171828,
            130.20205582128403,
            5.030740846450023
        ],
        "errlo": [
            115.42772326556982,
            4.939975625651439,
            93.20766231163854,
            4.376518774624902,
            125.41751389114046,
            4.928911083305467
        ],
        "errup": [
            124.14050478593659,
            5.137237005346625,
            107.62446605115082,
            4.623670344478184,
            134.37434643294338,
            5.171196564230544
        ]
    },
    "maximum_likelihood": {
        "logl": 108.32991586562713,
        "point": [
            119.44034385140691,
            4.9880505085053555,
            100.84297139523585,
            4.48589872826355,
            129.6488148709031,
            4.978974924021651
        ],
        "point_untransformed": [
            0.462935625676046,
            0.4940252542526777,
            0.3389531426349056,
            0.24294936413177495,
            0.5309920991393541,
            0.4894874620108256
        ]
    },
    "ncall": 149826,
    "paramnames": [
        "first layer - thick",
        "first layer - sld",
        "second layer - thick",
        "second layer - sld",
        "third layer - thick",
        "third layer - sld"
    ],
    "logzerr_single": 0.19229978743687492
}