"first layer - thick_mean", "first layer - thick_stdev", "first layer - thick_median", "first layer - thick_errlo", "first layer - thick_errup", "first layer - sld_mean", "first layer - sld_stdev", "first layer - sld_median", "first layer - sld_errlo", "first layer - sld_errup"
2.025865514434623833e+02,4.001127656174072733e+00,3.776823310830447200e-01,1.155825821891978819e-03,2.025821266285919933e+02,4.000768962589598132e+00,2.022100160879604402e+02,4.000196042207201153e+00,2.029640750726817373e+02,4.002010560139800610e+00
