{
    "niter": 7542,
    "logz": -1818.5967901272595,
    "logzerr": 0.20462094786061752,
    "logz_bs": -1818.6261018266564,
    "logz_single": -1818.5967901272595,
    "logzerr_tail": 0.00993747337406603,
    "logzerr_bs": 0.20437949732377092,
    "ess": 1924.879048175842,
    "H": 11.73902156963527,
    "Herr": 0.10714128186968647,
    "posterior": {
        "mean": [
            202.58655144346238,
            4.001127656174073
        ],
        "stdev": [
            0.3776823310830447,
            0.0011558258218919788
        ],
        "median": [
            202.582126628592,
            4.000768962589598
        ],
        "errlo": [
            202.21001608796044,
            4.000196042207201
        ],
        "errup": [
            202.96407507268174,
            4.002010560139801
        ]
    },
    "maximum_likelihood": {
        "logl": -1805.3133664727925,
        "point": [
            202.57632656522512,
            4.000002127400914
        ],
        "point_untransformed": [
            0.6103053062609005,
            1.0637004568387715e-06
        ]
    },
    "ncall": 9929,
    "paramnames": [
        "first layer - thick",
        "first layer - sld"
    ],
    "logzerr_single": 0.17131127786601844
}