{
    "niter": 7382,
    "logz": -1818.236037192289,
    "logzerr": 0.19311640138853414,
    "logz_bs": -1818.2616957113303,
    "logz_single": -1818.236037192289,
    "logzerr_tail": 0.00993465800092963,
    "logzerr_bs": 0.19286069339204914,
    "ess": 1929.880352435494,
    "H": 11.307296262064483,
    "Herr": 0.10248011342810488,
    "posterior": {
        "mean": [
            202.58939817473166,
            4.001170385812944
        ],
        "stdev": [
            0.37592041004217464,
            0.0011379898913489958
        ],
        "median": [
            202.58548749939888,
            4.000840210017088
        ],
        "errlo": [
            202.2059650319931,
            4.000191166024033
        ],
        "errup": [
            202.96734835869782,
            4.002194674322635
        ]
    },
    "maximum_likelihood": {
        "logl": -1805.3502758563802,
        "point": [
            202.57600519989577,
            4.000001476606428
        ],
        "point_untransformed": [
            0.6103040207995831,
            7.383032141979366e-07
        ]
    },
    "ncall": 9931,
    "paramnames": [
        "first layer - thick",
        "first layer - sld"
    ],
    "logzerr_single": 0.16813161705985347
}