{
    "niter": 10035,
    "logz": 88.36375695402212,
    "logzerr": 0.3799752978167294,
    "logz_bs": 88.3264765006549,
    "logz_single": 88.36375695402212,
    "logzerr_tail": 0.00994533472611181,
    "logzerr_bs": 0.37984512273833104,
    "ess": 3121.115376588461,
    "H": 15.956159976399789,
    "Herr": 0.15403135697960246,
    "posterior": {
        "mean": [
            97.16588483040886,
            5.060673131360311,
            82.53769556143412,
            4.724771267761537,
            78.0834403385944,
            4.831978738580097,
            92.37513394088758,
            5.07509412033696
        ],
        "stdev": [
            28.760433917148827,
            0.12510716539797137,
            21.082241440271932,
            0.2848325050982778,
            19.383522669171555,
            0.3257076051838747,
            33.08827725899565,
            0.1521286545423398
        ],
        "median": [
            114.7712490619043,
            5.042417005770355,
            90.3793386180781,
            4.6754816542222795,
            74.44563794221425,
            4.867747591539532,
            77.2646379018496,
            5.053136710911059
        ],
        "errlo": [
            59.10861395075169,
            4.945076735549875,
            56.447670112484126,
            4.425563681424348,
            56.867608717869786,
            4.4611704177993845,
            57.853245679712956,
            4.933896456580861
        ],
        "errup": [
            122.66642166126613,
            5.188431314732818,
            103.59766993684227,
            5.043404324995387,
            100.38919889371833,
            5.167561728822379,
            132.02831721887316,
            5.223044522977295
        ]
    },
    "maximum_likelihood": {
        "logl": 108.18020293218035,
        "point": [
            119.07817847299044,
            5.023562582556952,
            99.76849979443594,
            4.552430230400681,
            75.30045429378669,
            5.053535838153094,
            55.889646748016574,
            5.042369136318254
        ],
        "point_untransformed": [
            0.6907817847299045,
            0.5117812912784759,
            0.4976849979443594,
            0.2762151152003405,
            0.25300454293786684,
            0.5267679190765471,
            0.05889646748016575,
            0.5211845681591272
        ]
    },
    "ncall": 13860315,
    "paramnames": [
        "first layer - thick",
        "first layer - sld",
        "second layer - thick",
        "second layer - sld",
        "third layer - thick",
        "third layer - sld",
        "forth layer - thick",
        "forth layer - sld"
    ],
    "logzerr_single": 0.1997258119047197
}