{
    "niter": 7590,
    "logz": 72.49686732867698,
    "logzerr": 0.2042184774539953,
    "logz_bs": 72.50731349165659,
    "logz_single": 72.49686732867698,
    "logzerr_tail": 0.009950036296970666,
    "logzerr_bs": 0.2039759380694619,
    "ess": 2253.49950262649,
    "H": 11.317530250894862,
    "Herr": 0.12455400904606428,
    "posterior": {
        "mean": [
            202.45212003454785,
            4.98728978849628,
            148.60091766196814,
            5.199429288196862
        ],
        "stdev": [
            5.890253640261565,
            0.07290749626389115,
            5.947897732803,
            0.08557135174166262
        ],
        "median": [
            202.54737324751267,
            4.987093677388324,
            148.46194301953756,
            5.1993574498803925
        ],
        "errlo": [
            196.86488273412436,
            4.915784731976409,
            142.89941788670345,
            5.114384804172107
        ],
        "errup": [
            208.1127978709654,
            5.057925090484591,
            154.25694320856013,
            5.281734334201585
        ]
    },
    "maximum_likelihood": {
        "logl": 85.96117744518926,
        "point": [
            203.09663130560182,
            4.988095463131382,
            147.9714108503104,
            5.205700735177076
        ],
        "point_untransformed": [
            0.7654831565280091,
            0.49404773156569065,
            0.4898570542515521,
            0.6028503675885379
        ]
    },
    "ncall": 20563,
    "paramnames": [
        "first layer - thick",
        "first layer - sld",
        "second layer - thick",
        "second layer - sld"
    ],
    "logzerr_single": 0.16820768599334918
}